index,axis-0,axis-1
0.0,258.0136645847696,402.1111751563135
1.0,266.49999661486476,474.5713947978953
2.0,246.2633586969455,546.3788196679315
3.0,256.05528027013224,612.3110915940556
